bout,category_reviewer,category_final,correction,method
Ji Yeon Kim vs. Priscila Cachoeira,questionable scoring,questionable scoring,,post-fight coverage and media scorecards (not tape)
Irene Aldana vs. Karol Rosa,late-round surge,late-round surge,,post-fight coverage and media scorecards (not tape)
King Green vs. Drakkar Klose,questionable scoring,questionable scoring,,post-fight coverage and media scorecards (not tape)
Katlyn Cerminara vs. Joanne Wood,damage not in the stats,damage not in the stats,,post-fight coverage and media scorecards (not tape)
Vanessa Demopoulos vs. Kanako Murata,control without offense,control without offense,Note had fighters reversed: UFCStats shows Murata (model pick) with 5 TD and 10:10 control; she lost.,post-fight coverage and media scorecards (not tape)
Rob Font vs. Marlon Vera,late-round surge,recorded impact the model underweights,"Vera's knockdowns in R2, R3, R4 are in the data; the model still backed Font's volume.",post-fight coverage and media scorecards (not tape)
Johnny Munoz vs. Nate Maness,other,point deduction,Deduction appears in card totals and is read by the model as a 10-8 round.,post-fight coverage and media scorecards (not tape)
Alatengheili vs. Batgerel Danaa,other,point deduction,Deduction plus a 10-8 grappling round; deduction not in the stats.,post-fight coverage and media scorecards (not tape)
Daniel Rodriguez vs. Nicolas Dalby,damage not in the stats,damage not in the stats,,post-fight coverage and media scorecards (not tape)
King Green vs. Thiago Moises,questionable scoring,questionable scoring,,post-fight coverage and media scorecards (not tape)
Alexis Davis vs. Jennifer Maia,questionable scoring,questionable scoring,,post-fight coverage and media scorecards (not tape)
King Green vs. Rafael Fiziev,questionable scoring,questionable scoring,,post-fight coverage and media scorecards (not tape)
Andrei Arlovski vs. Tanner Boser,damage not in the stats,damage not in the stats,,post-fight coverage and media scorecards (not tape)
Luke Sanders vs. Felipe Colares,late-round surge,late-round surge,,post-fight coverage and media scorecards (not tape)
Francisco Trinaldo vs. King Green,questionable scoring,questionable scoring,,post-fight coverage and media scorecards (not tape)
Tom Duquesnoy vs. Terrion Ware,damage not in the stats,damage not in the stats,,post-fight coverage and media scorecards (not tape)
Aoriqileng vs. Jay Perrin,questionable scoring,questionable scoring,,post-fight coverage and media scorecards (not tape)
Anderson Silva vs. Derek Brunson,questionable scoring,questionable scoring,,post-fight coverage and media scorecards (not tape)
Paddy Pimblett vs. Jared Gordon,stat recording error,stat recording error,,post-fight coverage and media scorecards (not tape)
Luis Saldana vs. Jordan Griffin,control without offense,control without offense,,post-fight coverage and media scorecards (not tape)
Derrick Lewis vs. Ilir Latifi,late-round surge,control without offense,Latifi had 8:49 control but was out-landed 20-5 in significant strikes.,post-fight coverage and media scorecards (not tape)
Benito Lopez vs. Vince Morales,damage not in the stats,damage not in the stats,,post-fight coverage and media scorecards (not tape)
Rose Namajunas vs. Joanna Jedrzejczyk,other,close fight / round-level variance,,post-fight coverage and media scorecards (not tape)
Cub Swanson vs. Hakeem Dawodu,damage not in the stats,questionable scoring,Rule: media sided with the stats (11 of 13 cards for Dawodu).,post-fight coverage and media scorecards (not tape)
Vitor Belfort vs. Nate Marquardt,damage not in the stats,questionable scoring,Rule: media sided with the stats (widely scored for Marquardt).,post-fight coverage and media scorecards (not tape)
