date,event,bout,model_favoured,model_conf,round,p_fav_won_round
2022-02-26,UFC Fight Night: Makhachev vs. Green,Ji Yeon Kim vs. Priscila Cachoeira,Ji Yeon Kim,0.967,3,0.967
2022-02-26,UFC Fight Night: Makhachev vs. Green,Ji Yeon Kim vs. Priscila Cachoeira,Ji Yeon Kim,0.967,2,0.908
2023-12-16,UFC 296: Edwards vs. Covington,Irene Aldana vs. Karol Rosa,Karol Rosa,0.966,3,0.966
2023-12-16,UFC 296: Edwards vs. Covington,Irene Aldana vs. Karol Rosa,Karol Rosa,0.966,1,0.854
2018-12-15,UFC Fight Night: Lee vs. Iaquinta,King Green vs. Drakkar Klose,King Green,0.964,2,0.988
2018-12-15,UFC Fight Night: Lee vs. Iaquinta,King Green vs. Drakkar Klose,King Green,0.964,1,0.899
2019-06-08,UFC 238: Cejudo vs. Moraes,Katlyn Cerminara vs. Joanne Wood,Joanne Wood,0.944,1,0.917
2019-06-08,UFC 238: Cejudo vs. Moraes,Katlyn Cerminara vs. Joanne Wood,Joanne Wood,0.944,3,0.837
2023-10-07,UFC Fight Night: Dawson vs. Green,Vanessa Demopoulos vs. Kanako Murata,Kanako Murata,0.944,3,0.981
2023-10-07,UFC Fight Night: Dawson vs. Green,Vanessa Demopoulos vs. Kanako Murata,Kanako Murata,0.944,2,0.9
2022-04-30,UFC Fight Night: Font vs. Vera,Rob Font vs. Marlon Vera,Rob Font,0.935,1,0.972
2022-04-30,UFC Fight Night: Font vs. Vera,Rob Font vs. Marlon Vera,Rob Font,0.935,3,0.9
2020-08-01,UFC Fight Night: Brunson vs. Shahbazyan,Johnny Munoz vs. Nate Maness,Johnny Munoz,0.922,1,0.985
2020-08-01,UFC Fight Night: Brunson vs. Shahbazyan,Johnny Munoz vs. Nate Maness,Johnny Munoz,0.922,3,0.812
2019-08-31,UFC Fight Night: Andrade vs. Zhang,Alatengheili vs. Batgerel Danaa,Batgerel Danaa,0.905,2,0.9
2019-08-31,UFC Fight Night: Andrade vs. Zhang,Alatengheili vs. Batgerel Danaa,Batgerel Danaa,0.905,3,0.827
2020-11-21,UFC 255: Figueiredo vs. Perez,Daniel Rodriguez vs. Nicolas Dalby,Daniel Rodriguez,0.889,1,0.814
2020-11-21,UFC 255: Figueiredo vs. Perez,Daniel Rodriguez vs. Nicolas Dalby,Daniel Rodriguez,0.889,2,0.785
2020-10-31,UFC Fight Night: Hall vs. Silva,King Green vs. Thiago Moises,King Green,0.889,1,0.819
2020-10-31,UFC Fight Night: Hall vs. Silva,King Green vs. Thiago Moises,King Green,0.889,3,0.793
2019-03-23,UFC Fight Night: Thompson vs. Pettis,Alexis Davis vs. Jennifer Maia,Alexis Davis,0.881,2,0.931
2019-03-23,UFC Fight Night: Thompson vs. Pettis,Alexis Davis vs. Jennifer Maia,Alexis Davis,0.881,3,0.863
2021-08-07,UFC 265: Lewis vs. Gane,King Green vs. Rafael Fiziev,King Green,0.877,3,0.916
2021-08-07,UFC 265: Lewis vs. Gane,King Green vs. Rafael Fiziev,King Green,0.877,1,0.709
2020-11-07,UFC Fight Night: Santos vs. Teixeira,Andrei Arlovski vs. Tanner Boser,Tanner Boser,0.874,3,0.819
2020-11-07,UFC Fight Night: Santos vs. Teixeira,Andrei Arlovski vs. Tanner Boser,Tanner Boser,0.874,2,0.755
2021-05-01,UFC Fight Night: Reyes vs. Prochazka,Luke Sanders vs. Felipe Colares,Luke Sanders,0.868,1,0.998
2021-05-01,UFC Fight Night: Reyes vs. Prochazka,Luke Sanders vs. Felipe Colares,Luke Sanders,0.868,2,0.515
2019-11-16,UFC Fight Night: Blachowicz vs. Jacare,Francisco Trinaldo vs. King Green,King Green,0.868,1,0.805
2019-11-16,UFC Fight Night: Blachowicz vs. Jacare,Francisco Trinaldo vs. King Green,King Green,0.868,3,0.758
2018-03-17,UFC Fight Night: Werdum vs. Volkov,Tom Duquesnoy vs. Terrion Ware,Terrion Ware,0.866,2,0.907
2018-03-17,UFC Fight Night: Werdum vs. Volkov,Tom Duquesnoy vs. Terrion Ware,Terrion Ware,0.866,1,0.771
2022-08-20,UFC 278: Usman vs. Edwards,Aoriqileng vs. Jay Perrin,Jay Perrin,0.857,3,0.983
2022-08-20,UFC 278: Usman vs. Edwards,Aoriqileng vs. Jay Perrin,Jay Perrin,0.857,1,0.746
2017-02-11,UFC 208: Holm vs. De Randamie,Anderson Silva vs. Derek Brunson,Derek Brunson,0.853,1,0.866
2017-02-11,UFC 208: Holm vs. De Randamie,Anderson Silva vs. Derek Brunson,Derek Brunson,0.853,3,0.791
2022-12-10,UFC 282: Blachowicz vs. Ankalaev,Paddy Pimblett vs. Jared Gordon,Jared Gordon,0.851,3,0.878
2022-12-10,UFC 282: Blachowicz vs. Ankalaev,Paddy Pimblett vs. Jared Gordon,Jared Gordon,0.851,1,0.709
2021-04-10,UFC Fight Night: Vettori vs. Holland,Luis Saldana vs. Jordan Griffin,Jordan Griffin,0.839,1,0.8
2021-04-10,UFC Fight Night: Vettori vs. Holland,Luis Saldana vs. Jordan Griffin,Jordan Griffin,0.839,2,0.722
2020-02-08,UFC 247: Jones vs. Reyes,Derrick Lewis vs. Ilir Latifi,Ilir Latifi,0.826,2,0.933
2020-02-08,UFC 247: Jones vs. Reyes,Derrick Lewis vs. Ilir Latifi,Ilir Latifi,0.826,3,0.71
2019-07-13,UFC Fight Night: De Randamie vs. Ladd,Benito Lopez vs. Vince Morales,Vince Morales,0.826,1,0.894
2019-07-13,UFC Fight Night: De Randamie vs. Ladd,Benito Lopez vs. Vince Morales,Vince Morales,0.826,3,0.765
2018-04-07,UFC 223: Khabib vs. Iaquinta,Rose Namajunas vs. Joanna Jedrzejczyk,Joanna Jedrzejczyk,0.819,4,0.86
2018-04-07,UFC 223: Khabib vs. Iaquinta,Rose Namajunas vs. Joanna Jedrzejczyk,Joanna Jedrzejczyk,0.819,3,0.799
2023-08-12,UFC Fight Night: Luque vs. Dos Anjos,Cub Swanson vs. Hakeem Dawodu,Hakeem Dawodu,0.812,3,0.787
2023-08-12,UFC Fight Night: Luque vs. Dos Anjos,Cub Swanson vs. Hakeem Dawodu,Hakeem Dawodu,0.812,2,0.724
2017-06-03,UFC 212: Aldo vs. Holloway,Vitor Belfort vs. Nate Marquardt,Nate Marquardt,0.803,1,0.853
2017-06-03,UFC 212: Aldo vs. Holloway,Vitor Belfort vs. Nate Marquardt,Nate Marquardt,0.803,2,0.739
